"AnimalID","Group_mb","StartDate_mb","EndDate_mb","Tenure_type"
"Cancun","NH","2019-06-17","2021-01-27","MigrationGroup4"
"Danube","AK","2015-06-24","2015-10-13","MigrationGroup4"
"Quito","LTsplit","2016-02-04","2023-04-05","MigrationGroup4"
"Apa","LT","2022-09-22","2023-01-10","MigrationGroup3"
"Arthur","BD","2012-07-25","2014-05-20","MigrationGroup3"
"Babelas","LT","2022-06-17","2022-06-30","MigrationGroup3"
"Bocold","AK","2019-05-15","2019-10-30","MigrationGroup3"
"Cancun","NH","2017-05-30","2018-12-17","MigrationGroup3"
"Danube","IN","2014-09-08","2015-06-20","MigrationGroup3"
"Govu","CR","2017-03-01","2017-03-23","MigrationGroup3"
"Hamlet","CR","2015-08-18","2015-10-24","MigrationGroup3"
"Kommunis","BD","2022-01-20","2023-04-05","MigrationGroup3"
"Lekker","BD","2012-05-19","2015-02-12","MigrationGroup3"
"Milano","BD","2014-04-28","2015-05-02","MigrationGroup3"
"Quito","LT","2014-02-25","2015-11-12","MigrationGroup3"
"Apa","BD","2022-07-27","2022-09-14","MigrationGroup2"
"Arthur","AK","2012-04-19","2012-04-30","MigrationGroup2"
"Atitlan","AK","2016-03-03","2020-02-25","MigrationGroup2"
"Avon","Ifamily","2018-06-12","2020-06-16","MigrationGroup2"
"Babelas","LT","2019-06-24","2021-04-07","MigrationGroup2"
"Bocold","BD","2017-01-31","2019-05-04","MigrationGroup2"
"Cancun","AK","2016-03-14","2017-02-16","MigrationGroup2"
"Chernobyl","BD","2014-06-09","2016-08-06","MigrationGroup2"
"Colorado","IFamily","2016-04-29","2016-09-14","MigrationGroup2"
"Cusco","NH","2019-05-21","2020-11-30","MigrationGroup2"
"Danube","BD","2014-05-28","2014-08-30","MigrationGroup2"
"Flensburg","NH","2022-01-18","Stillpresent","MigrationGroup2"
"Govu","NH","2014-06-20","2017-02-27","MigrationGroup2"
"Hamlet","BD","2014-05-28","2015-05-26","MigrationGroup2"
"Imposter","LT","2017-11-23","2018-02-07","MigrationGroup2"
"Kauai","BD","2017-05-15","2018-03-02","MigrationGroup2"
"Kekeke","NH","2020-05-09","2020-11-12","MigrationGroup2"
"Kommunis","BD","2019-11-12","2022-12-14","MigrationGroup2"
"Lekker","NH","2012-04-28","2012-05-18","MigrationGroup2"
"Liffey","NH","2021-06-01","2022-08-15","MigrationGroup2"
"Madagascar","BD","2014-09-01","2017-03-07","MigrationGroup2"
"Mathimula","BD","2021-02-24","2021-10-29","MigrationGroup2"
"Medjerda","KB","2014-02-20","2015-12-15","MigrationGroup2"
"Milano","NH","2011-10-20","2013-09-30","MigrationGroup2"
"Mvula","CR","2016-12-29","2018-02-23","MigrationGroup2"
"Propriano","CR","2022-05-03","Stillpresent","MigrationGroup2"
"Pruszkow","KB","2022-05-18","Stillpresent","MigrationGroup2"
"Quito","AK","2012-05-08","2013-10-28","MigrationGroup2"
"Ratel","LT","2022-03-17","Stillpresent","MigrationGroup2"
"Tchakalaka","NH","2022-06-02","Stillpresent","MigrationGroup2"
"Teddibeer","LT","2022-06-11","Stillpresent","MigrationGroup2"
"Theodore","AK","2012-04-17","2013-01-18","MigrationGroup2"
"Tweed","AK","2020-04-02","2020-10-01","MigrationGroup2"
"Ububhibhi","CR","2020-06-16","2023-04-05","MigrationGroup2"
"Utrecht","NH","2020-11-26","Stillpresent","MigrationGroup2"
"Uvac","Intaka","2015-02-19","2016-06-15","MigrationGroup2"
"Vancouver","BD","2018-05-29","2019-11-29","MigrationGroup2"
"Vladivostok","AK","2021-06-11","2023-02-04","MigrationGroup2"
"Voldemort","AK","2014-06-09","2015-12-30","MigrationGroup2"
"Warnemünde","BD","2022-06-06","Stillpresent","MigrationGroup2"
"Wolfie","NH","2018-05-29","2018-12-19","MigrationGroup2"
"Xiashan","BD","2022-08-09","Stillpresent","MigrationGroup2"
"Yangtze","AK","2020-03-04","2021-11-22","MigrationGroup2"
"Yster","AK","2011-08-17","2013-12-18","MigrationGroup2"
"Cairo","NH","2023-03-25","Stillpresent","MigrationGroup1"
"Fakegeorge","NH","2023-03-25","Stillpresent","MigrationGroup1"
"Littleskollie","NH","2014-05-19","2015-06-16","MigrationGroup1"
"Newmale","LT","2017-06-22","2017-07-07","MigrationGroup1"
"Newmale3","NH","2022-06-16","2022-08-06","MigrationGroup1"
"Themask","SplitCR","2017-02-12","2017-04-10","MigrationGroup1"
"Aarhus","IFamily","2023-01-30","Stillpresent","MigrationGroup1"
"Adam","LT","2014-08-14","2016-11-14","MigrationGroup1"
"Adonis","BD","2010-11-09","2011-02-08","MigrationGroup1"
"Afrikaans","AK","2015-06-29","2016-02-16","MigrationGroup1"
"Ahekinkinga","AK","2010-12-18","2012-02-24","MigrationGroup1"
"Akkedis","CR","2016-06-10","2018-07-20","MigrationGroup1"
"Antarctica","SplitCR","2017-02-12","2017-04-10","MigrationGroup1"
"Apa","LT","2021-06-04","2022-07-26","MigrationGroup1"
"Arthur","LT","2011-11-03","2012-02-14","MigrationGroup1"
"Asseblief","CR","2019-05-31","Stillpresent","MigrationGroup1"
"Atitlan","KB","2015-04-28","2016-01-25","MigrationGroup1"
"Auckland","NH","2012-02-27","2014-09-25","MigrationGroup1"
"Avon","NH","2018-05-14","2018-06-12","MigrationGroup1"
"Babelas","NH","2014-05-19","2016-04-19","MigrationGroup1"
"Base","BD","2017-05-05","2021-02-19","MigrationGroup1"
"Benedict","LT","2018-06-08","2020-07-18","MigrationGroup1"
"Bermuda","SplitCR","2017-02-12","2017-04-10","MigrationGroup1"
"Bocold","CR","2014-12-31","2017-01-21","MigrationGroup1"
"Boks","BD","2010-11-09","2010-12-24","MigrationGroup1"
"Bryan","LT","2011-01-16","2012-05-01","MigrationGroup1"
"Bukubuku","AK","2021-05-11","Stillpresent","MigrationGroup1"
"Cancun","NH","2013-06-28","2016-02-25","MigrationGroup1"
"Chernobyl","NH","2012-04-28","2014-05-26","MigrationGroup1"
"Colorado","KB","2015-05-25","2016-05-11","MigrationGroup1"
"Cusco","NH","2018-05-21","2018-12-17","MigrationGroup1"
"Dakar","NH","2022-09-10","Stillpresent","MigrationGroup1"
"Dapper","BD","2014-07-01","2016-01-27","MigrationGroup1"
"Dokos","BD","2019-05-30","2022-07-21","MigrationGroup1"
"Donsig","LT","2015-04-03","2018-11-16","MigrationGroup1"
"Downlip","LT","2014-05-28","2014-07-09","MigrationGroup1"
"Dublin","NH","2010-11-08","2012-10-27","MigrationGroup1"
"Dwergie","AK","2016-01-26","2016-03-23","MigrationGroup1"
"Edward","LT","2012-06-12","2014-11-12","MigrationGroup1"
"Eivissa","CR","2022-06-09","Stillpresent","MigrationGroup1"
"Elton","AK","2012-01-28","2016-01-18","MigrationGroup1"
"Ermelo"," NH","2022-06-16","2022-09-09","MigrationGroup1"
"Ertjies","NH","2012-04-26","2015-12-11","MigrationGroup1"
"Etosha","KB","2021-06-02","2021-12-10","MigrationGroup1"
"Everest",NA,"2015-11-14","2015-12-07","MigrationGroup1"
"Feniks","BD","2017-09-01","2020-01-10","MigrationGroup1"
"Flensburg","NH","2020-07-31","2021-11-04","MigrationGroup1"
"Fluister","BD","2019-04-30","2023-01-13","MigrationGroup1"
"Formentera","SplitCR","2017-01-12","2017-04-10","MigrationGroup1"
"Fudu","AK","2013-06-11","2015-09-11","MigrationGroup1"
"Furryglen","KB","2022-03-19","Stillpresent","MigrationGroup1"
"Gaaf","CR","2019-06-09","2019-06-18","MigrationGroup1"
"Garoua","5males","2016-07-14","2016-07-14","MigrationGroup1"
"Gelosi","LT","2012-06-04","2013-10-28","MigrationGroup1"
"George","LT","2019-03-18","2022-03-18","MigrationGroup1"
"Gigolo","BD","2010-12-07","2010-12-07","MigrationGroup1"
"Glastonbury","Jacaranda","2018-05-28","2018-05-28","MigrationGroup1"
"Govu","Intaka","2014-01-31","2014-06-13","MigrationGroup1"
"Grote","NH","2012-05-01","2013-01-25","MigrationGroup1"
"Hamlet","AK","2013-05-24","2014-05-14","MigrationGroup1"
"Handi","BD","2017-05-06","2020-03-04","MigrationGroup1"
"Harry","LT","2011-06-09","2012-08-28","MigrationGroup1"
"Hawai","CR","2022-06-11","Stillpresent","MigrationGroup1"
"Heilweis","CR","2021-04-01","2022-12-08","MigrationGroup1"
"Henderson","CR","2015-01-06","2015-05-26","MigrationGroup1"
"Hlokoloza","BD","2017-05-16","2019-11-20","MigrationGroup1"
"Hwahwaza","BD","2016-06-08","2017-12-11","MigrationGroup1"
"Ihlane","IFamily","2016-04-29","2017-04-07","MigrationGroup1"
"Isilonda","IFamily","2016-04-29","2017-04-07","MigrationGroup1"
"Jagerbomb","BD","2014-05-08","2015-01-10","MigrationGroup1"
"James","LT","2011-01-28","2012-06-08","MigrationGroup1"
"Jane","LTsplit","2018-02-21","2018-02-21","MigrationGroup1"
"Japan","CR","2014-11-20","2015-05-15","MigrationGroup1"
"Juneau","Ifamily","2016-04-14","2016-10-25","MigrationGroup1"
"Kaptein","BD","2023-02-04","Stillpresent","MigrationGroup1"
"Kauai","CR","2015-11-28","2017-01-04","MigrationGroup1"
"Kaya","LTsplit","2018-02-21","2018-03-03","MigrationGroup1"
"Kekeke","AK","2019-05-31","2020-04-18","MigrationGroup1"
"Kergelen","CR","2014-12-30","2015-05-26","MigrationGroup1"
"Kies","AK","2015-07-20","2015-12-24","MigrationGroup1"
"Kilimanjaro",NA,"2015-11-14","2015-12-15","MigrationGroup1"
"Knoffel","BD","2022-11-07","Stillpresent","MigrationGroup1"
"Knysna","NH","2022-10-17","Stillpresent","MigrationGroup1"
"Kommunis","AK","2019-10-09","2019-10-09","MigrationGroup1"
"Krakatoa","SplitCR","2017-01-12","2017-04-10","MigrationGroup1"
"Lekker","BD","2010-11-09","2012-04-23","MigrationGroup1"
"Liffey","KB","2015-04-28","2021-05-31","MigrationGroup1"
"Lipsy","NH","2019-06-01","2020-08-17","MigrationGroup1"
"Lome","5males","2016-07-14","2016-07-14","MigrationGroup1"
"Macedonia","CR","2014-12-31","2016-05-20","MigrationGroup1"
"Madagascar","CR","2014-10-08","2023-04-05","MigrationGroup1"
"Mandy","LT","2022-09-22","Stillpresent","MigrationGroup1"
"Mathimula","BD","2020-02-17","2021-01-30","MigrationGroup1"
"Mfolozi","LT","2012-05-16","2014-10-21","MigrationGroup1"
"Milano","NH","2010-11-08","2011-03-30","MigrationGroup1"
"Mnandi","LT","2015-01-19","2018-06-07","MigrationGroup1"
"Momo","LT","2021-06-04","2022-12-19","MigrationGroup1"
"Mvula","BD","2015-06-13","2016-12-17","MigrationGroup1"
"Nakhu","BD","2022-05-06","Stillpresent","MigrationGroup1"
"Napoli","NH","2010-11-08","2011-01-24","MigrationGroup1"
"Nelson","LT","2022-03-17","Stillpresent","MigrationGroup1"
"Neuchatel","BD","2014-06-09","2020-12-14","MigrationGroup1"
"Newton","LT","2011-07-09","2014-01-25","MigrationGroup1"
"Ngenakubo","BD","2022-02-07","2023-03-01","MigrationGroup1"
"Nil","KB","2011-11-05","2014-11-17","MigrationGroup1"
"Noktober","CR","2016-06-15","2017-01-04","MigrationGroup1"
"Nyoni","BD","2017-05-16","2018-11-19","MigrationGroup1"
"Obelisk","CR","2020-08-06","2022-02-22","MigrationGroup1"
"Ogies","CR","2016-06-10","2018-07-20","MigrationGroup1"
"Okavango","KB","2015-05-04","2015-10-29","MigrationGroup1"
"Okefenokee","KB","2021-05-31","2023-01-28","MigrationGroup1"
"Okucane","BD","2013-02-19","2014-09-08","MigrationGroup1"
"Olona","KB","2015-04-03","2015-05-25","MigrationGroup1"
"Oom","BD","2010-12-24","2012-11-19","MigrationGroup1"
"Oscar","LT","2018-06-07","2019-02-06","MigrationGroup1"
"Ouagadougou","NH","2019-06-03","2020-11-30","MigrationGroup1"
"Pale","BD","2016-12-07","2022-03-01","MigrationGroup1"
"Pianosa","CR","2015-09-26","2016-07-15","MigrationGroup1"
"Pik","BD","2010-11-09","2012-09-21","MigrationGroup1"
"Plainjane","BD","2023-03-01","Stillpresent","MigrationGroup1"
"Poeding","CR","2016-06-15","2018-07-20","MigrationGroup1"
"Pomelo","NH","2023-02-20","Stillpresent","MigrationGroup1"
"Propriano","BD","2019-07-13","2022-04-16","MigrationGroup1"
"Pruszkow","IFamily","2020-12-09","2020-12-22","MigrationGroup1"
"Puerto","5males","2016-07-14","2016-07-14","MigrationGroup1"
"Puntag","BD","2018-03-02","2018-07-24","MigrationGroup1"
"Quito","LT","2011-11-19","2015-11-12","MigrationGroup1"
"Raspberry","SplitCR","2017-01-12","2017-04-10","MigrationGroup1"
"Ratel","LT","2021-05-21","2021-12-18","MigrationGroup1"
"Reindeer","SplitCR","2017-02-12","2017-04-10","MigrationGroup1"
"Reykjavik","IFamily","2020-12-09","2022-05-22","MigrationGroup1"
"Rheban","BD","2017-12-05","2021-09-27","MigrationGroup1"
"Rocky","LTsplit","2018-02-21","2018-03-03","MigrationGroup1"
"Rooikat","CR","2017-05-10","2018-07-20","MigrationGroup1"
"Ruby","LTSplit","2018-02-21","2018-03-03","MigrationGroup1"
"Rusk","BD","2011-06-06","2013-12-16","MigrationGroup1"
"Ryan","LT","2022-06-06","2023-02-01","MigrationGroup1"
"Seychelles","BD","2019-05-21","Stillpresent","MigrationGroup1"
"Shakespeare","LT","2012-06-08","2015-02-23","MigrationGroup1"
"Shongololo","AK","2020-10-13","Stillpresent","MigrationGroup1"
"Sion","NH","2021-01-15","2021-12-22","MigrationGroup1"
"Skollie","BD","2010-11-09","2010-12-07","MigrationGroup1"
"Solomon","CR","2014-12-30","2017-01-28","MigrationGroup1"
"Spook","CR","2016-06-23","2018-04-07","MigrationGroup1"
"Stanley","LT","2022-07-29","Stillpresent","MigrationGroup1"
"Styx","NH","2014-05-24","2016-03-29","MigrationGroup1"
"Tambacounda","NH","2020-05-15","2023-03-03","MigrationGroup1"
"Tastyflavours","LT","2019-12-04","2021-11-23","MigrationGroup1"
"Tchakalaka","AK","2021-05-11","2022-03-17","MigrationGroup1"
"Teddibeer","BD","2019-05-25","2022-05-19","MigrationGroup1"
"Tevere","KB","2021-05-31","Stillpresent","MigrationGroup1"
"Thames","KB","2014-11-19","2015-08-26","MigrationGroup1"
"Theodore","LT","2011-08-09","2012-02-09","MigrationGroup1"
"Toronto","BD","2014-06-16","2016-02-13","MigrationGroup1"
"Tweed","NH","2014-05-24","2019-09-06","MigrationGroup1"
"Tyler","LT","2017-05-22","2018-02-07","MigrationGroup1"
"Ububhibhi","BD","2016-05-28","2020-06-06","MigrationGroup1"
"Uji","Jacaranda","2018-05-26","2018-05-26","MigrationGroup1"
"Ulaanbaatar","IFamily","2020-12-09","2021-01-15","MigrationGroup1"
"Ulundi","5males","2016-07-14","2016-07-14","MigrationGroup1"
"Umbrella","BD","2019-05-27","Stillpresent","MigrationGroup1"
"Umzali","AK","2014-06-09","2015-09-12","MigrationGroup1"
"Unwabo","BD","2017-05-04","2017-12-07","MigrationGroup1"
"Utrecht","NH","2020-06-02","2020-10-15","MigrationGroup1"
"Vancouver","CR","2015-09-01","2018-05-28","MigrationGroup1"
"Vincent","BD","2017-02-13","2018-11-19","MigrationGroup1"
"Vladivostok","NH","2020-05-28","2021-06-11","MigrationGroup1"
"Voldemort","LT","2012-02-03","2014-06-03","MigrationGroup1"
"Vryheid","NH","2022-06-10","Stillpresent","MigrationGroup1"
"Vulkaan","NH","2020-04-16","Stillpresent","MigrationGroup1"
"Warnemünde","NH","2020-09-23","2021-12-20","MigrationGroup1"
"Washingtonbabylon","NH","2019-03-18","2020-02-26","MigrationGroup1"
"Wesley","LT","2015-05-20","2018-02-20","MigrationGroup1"
"Whiskers","SplitCR","2017-02-12","2017-04-10","MigrationGroup1"
"William","LT","2011-01-19","2012-02-14","MigrationGroup1"
"Wolfie","AK","2015-07-20","2018-05-24","MigrationGroup1"
"Xiashan","BD","2022-02-14","2022-06-13","MigrationGroup1"
"Xinji","BD","2022-07-16","Stillpresent","MigrationGroup1"
"Xiushan","CR","2015-11-13","Stillpresent","MigrationGroup1"
"Yangtze","NH","2018-05-14","2020-01-27","MigrationGroup1"
"Yell","CR","2015-11-28","2017-01-03","MigrationGroup1"
"Zave","CR","2015-10-28","2017-02-17","MigrationGroup1"
"Zurich","BD","2014-06-03","2016-02-15","MigrationGroup1"
"Babykaya2017","LTsplit","2018-02-21","2018-03-03","MigrationGroup1"
"Bigears","CR","2021-06-06","Stillpresent","BirthGroup"
"Curious","CR","2014-12-30","2015-11-06","BirthGroup"
"Littleskollie","BD","2010-11-09","2014-05-15","BirthGroup"
"Littlez","KB","2013-02-08","2013-09-20","BirthGroup"
"Pointyears","CR","2021-06-01","Stillpresent","BirthGroup"
"Pompon","RC","2010-10-26","2011-11-01","BirthGroup"
"Upsidedown","RC","2011-10-28","2011-10-31","BirthGroup"
"Utica","NH","2021-11-06","Stillpresent","BirthGroup"
"Wavyears","CR","2021-05-21","Stillpresent","BirthGroup"
"Aaalva","KB","2020-10-08","Stillpresent","BirthGroup"
"Aalwyn","BD","2018-11-27","Stillpresent","BirthGroup"
"Aantreklik","BD","2017-10-17","Stillpresent","BirthGroup"
"Aarhus","KB","2017-10-09","2023-01-30","BirthGroup"
"Aathabasca","KB","2018-10-26","Stillpresent","BirthGroup"
"Adder","BD","2015-11-23","2021-10-04","BirthGroup"
"Afrikaans","BD","2010-10-19","2015-06-25","BirthGroup"
"Akkedis","BD","2011-11-07","2016-05-28","BirthGroup"
"Alcatraz","CR","2016-01-14","2018-07-20","BirthGroup"
"Amgoun","KB","2017-10-09","2019-02-27","BirthGroup"
"Andrew","LT","2013-02-09","2014-04-12","BirthGroup"
"Appel","BD","2020-11-04","Stillpresent","BirthGroup"
"Ardig","BD","2018-11-15","2020-10-01","BirthGroup"
"Arno","KB","2014-10-17","2019-05-13","BirthGroup"
"Askies","BD","2021-10-27","Stillpresent","BirthGroup"
"Asseblief","BD","2014-11-05","2019-05-30","BirthGroup"
"Avon","KB","2013-11-11","2018-04-06","BirthGroup"
"Awash","KB","2020-11-03","Stillpresent","BirthGroup"
"Babelas","BD","2010-11-09","2014-05-15","BirthGroup"
"Bamako","NH","2011-11-01","2013-02-21","BirthGroup"
"Bari","NH","2015-11-18","2016-04-13","BirthGroup"
"Base","CR","2015-02-25","2017-04-29","BirthGroup"
"Beminde","BD","2010-11-23","2014-01-05","BirthGroup"
"Bermuda","CR","2016-02-29","2017-02-12","BirthGroup"
"Bethlehem","NH","2021-11-08","Stillpresent","BirthGroup"
"Bingo","BD","2011-04-25","2015-01-15","BirthGroup"
"Bogota","NH","2011-03-05","2016-04-13","BirthGroup"
"Boston","NH","2013-10-28","2018-05-23","BirthGroup"
"Bougainville","CR","2021-03-24","Stillpresent","BirthGroup"
"Brasilia","NH","2011-12-16","2016-04-13","BirthGroup"
"Brisbane","NH","2015-11-10","2016-04-13","BirthGroup"
"Bullebak","BD","2012-10-01","2017-12-07","BirthGroup"
"Bushy","LT","2012-11-15","2015-03-02","BirthGroup"
"Byron","LT","2011-11-21","2013-10-22","BirthGroup"
"Capri","CR","2022-03-28","Stillpresent","BirthGroup"
"Cayman","CR","2021-05-19","Stillpresent","BirthGroup"
"Charles","LT","2011-11-21","2013-12-09","BirthGroup"
"Cone","CR","2014-12-30","2015-07-22","BirthGroup"
"Curaco","KB","2012-04-14","2012-04-14","BirthGroup"
"Dagga","BD","2011-04-07","2012-11-29","BirthGroup"
"Dalton","LT","2018-11-28","Stillpresent","BirthGroup"
"Darwin","LT","2012-07-31","2016-09-02","BirthGroup"
"Dastard","LT","2019-11-01","Stillpresent","BirthGroup"
"Delux","LT","2021-12-11","Stillpresent","BirthGroup"
"Diamond","LT","2020-10-29","Stillpresent","BirthGroup"
"Dillon","LT","2016-12-05","2021-12-11","BirthGroup"
"Dion","LT","2015-12-12","2021-03-23","BirthGroup"
"Dixon","LT","2018-11-11","Stillpresent","BirthGroup"
"Dokos","CR","2017-08-22","2018-07-20","BirthGroup"
"Donsig","BD","2011-04-07","2015-01-15","BirthGroup"
"Doublespot","KB","2012-08-13","2014-05-10","BirthGroup"
"Duckie","CR","2021-05-27","Stillpresent","BirthGroup"
"Dwergie","BD","2010-12-01","2016-01-19","BirthGroup"
"Eish","BD","2020-11-21","Stillpresent","BirthGroup"
"Elton","LT","2011-06-09","2012-02-04","BirthGroup"
"Ertjies","BD","2011-04-07","2012-04-26","BirthGroup"
"Faroe","CR","2014-10-28","2016-01-30","BirthGroup"
"Feekie","BD","2010-11-10","2012-11-13","BirthGroup"
"Flatty","CR","2015-01-06","2017-04-24","BirthGroup"
"Gaaf","BD","2014-10-20","2019-06-08","BirthGroup"
"Gangtok","NH","2017-11-13","2021-12-24","BirthGroup"
"Garoua","NH","2012-10-11","2016-06-23","BirthGroup"
"Gasket","CR","2021-10-25","Stillpresent","BirthGroup"
"Gelosi","AK","2012-05-14","2012-06-01","BirthGroup"
"Ghandaghanda","AK","2020-11-17","Stillpresent","BirthGroup"
"Ghidigidi","AK","2018-11-12","2021-01-21","BirthGroup"
"Ghozololo","AK","2012-11-05","2016-01-28","BirthGroup"
"Gibela","AK","2020-11-12","Stillpresent","BirthGroup"
"Gilane","AK","2018-11-20","Stillpresent","BirthGroup"
"Gino","RC","2010-12-24","2011-11-25","BirthGroup"
"Giya","AK","2011-10-07","2013-09-18","BirthGroup"
"Glastonbury","NH","2013-11-12","2018-05-14","BirthGroup"
"Goed","BD","2018-10-26","Stillpresent","BirthGroup"
"Gomonqo","AK","2021-11-03","Stillpresent","BirthGroup"
"Govu","AK","2012-01-28","2013-12-19","BirthGroup"
"Griffin","NH","2020-11-23","Stillpresent","BirthGroup"
"Grote","BD","2011-04-07","2012-03-21","BirthGroup"
"Gubudu","AK","2020-12-11","Stillpresent","BirthGroup"
"Gusha","AK","2020-11-16","2021-03-11","BirthGroup"
"Guyaquil","NH","2010-11-05","2015-04-22","BirthGroup"
"Guzunga","AK","2018-11-01","Stillpresent","BirthGroup"
"Hamlet","LT","2011-05-14","2013-05-07","BirthGroup"
"Handi","CR","2014-12-31","2017-04-29","BirthGroup"
"Hasie","BD","2015-11-19","2016-05-17","BirthGroup"
"Heelal","BD","2017-10-30","2023-01-20","BirthGroup"
"Heilweis","BD","2014-10-31","2019-06-08","BirthGroup"
"Helmet","CR","2014-12-31","2018-02-03","BirthGroup"
"Hemel","BD","2021-11-04","Stillpresent","BirthGroup"
"Heyi","AK","2012-10-15","2017-04-24","BirthGroup"
"Hiasint","BD","2018-10-26","2021-04-08","BirthGroup"
"Hibe","AK","2010-11-02","2015-05-15","BirthGroup"
"Hlokoloza","AK","2012-12-23","2017-05-16","BirthGroup"
"Hluhluwe","AK","2014-10-18","2020-02-27","BirthGroup"
"Hola","AK","2012-09-11","2018-02-15","BirthGroup"
"Humusha","AK","2014-09-22","2016-05-21","BirthGroup"
"Hwahwaza","AK","2011-09-16","2016-06-04","BirthGroup"
"Idwala","AK","2011-11-10","2016-02-29","BirthGroup"
"Ifu","AK","2010-11-02","2015-03-30","BirthGroup"
"Iggy","LT","2014-08-18","2019-03-15","BirthGroup"
"Ihlane","AK","2014-11-03","2016-02-29","BirthGroup"
"Ijinja","AK","2012-10-09","2016-03-03","BirthGroup"
"Ilonga","AK","2013-11-04","2016-01-22","BirthGroup"
"Imposter","LT",NA,"2017-05-22","BirthGroup"
"Inhlanhla","AK","2012-01-28","2016-02-29","BirthGroup"
"Inkwazi","AK","2013-11-18","2016-01-22","BirthGroup"
"Inner","CR","2014-12-31","2017-01-31","BirthGroup"
"Intaba","AK","2014-11-27","2016-02-29","BirthGroup"
"Ireland","CR","2015-11-08","2015-02-12","BirthGroup"
"Ischia","CR","2017-10-16","2018-07-18","BirthGroup"
"Isilonda","AK","2010-12-18","2016-02-29","BirthGroup"
"Istanbul","NH","2010-12-15","2012-01-09","BirthGroup"
"Izulu","AK","2012-01-28","2013-03-23","BirthGroup"
"Jackie","LT","2011-08-03","2014-06-20","BirthGroup"
"Jakarta","NH","2011-01-18","2016-04-14","BirthGroup"
"Jane","LT","2016-01-15","2018-02-21","BirthGroup"
"Jeddah","NH","2014-10-27","2017-03-08","BirthGroup"
"Jelly","LT","2017-10-19","2018-02-21","BirthGroup"
"Jenny","LT","2011-11-16","2018-02-20","BirthGroup"
"Jiamusi","NH","2015-11-09","2016-04-13","BirthGroup"
"Jillin","NH","2012-10-15","2016-04-19","BirthGroup"
"Jinka","NH","2010-11-22","2016-04-13","BirthGroup"
"Jixi","NH","2013-10-31","2018-05-30","BirthGroup"
"Joe","LT","2014-09-18","2018-12-07","BirthGroup"
"Johannesburg","NH","2015-10-30","2016-04-13","BirthGroup"
"Juneau","NH","2011-11-20","2016-04-12","BirthGroup"
"Kaiki","BD","2010-11-09","2012-11-15","BirthGroup"
"Kate","LT","2015-12-09","2018-02-21","BirthGroup"
"Kaya","LT","2013-02-07","2018-02-21","BirthGroup"
"Kenneth","LT","2014-08-15","2015-11-18","BirthGroup"
"Kies","BD","2010-11-23","2015-07-17","BirthGroup"
"Koninging","BD","2011-12-09","2013-01-07","BirthGroup"
"Kookoolegit","CR","2018-04-12","2018-07-18","BirthGroup"
"Kyle","LT","2014-11-24","2018-02-21","BirthGroup"
"Larry","LT","2018-12-15","2020-07-18","BirthGroup"
"Lawrence","LT","2015-11-17","2016-04-12","BirthGroup"
"Lefty","LT","2014-05-31","2017-01-16","BirthGroup"
"Lennon","LT","2012-09-19","2018-02-10","BirthGroup"
"Lhassa","NH","2011-12-16","2016-04-04","BirthGroup"
"Liam","LT","2014-08-15","2018-12-07","BirthGroup"
"Light","LT","2020-10-29","Stillpresent","BirthGroup"
"Lome","NH","2011-10-27","2016-05-31","BirthGroup"
"Luan","LT","2016-12-19","2017-01-16","BirthGroup"
"Lucifer","LT","2021-12-11","Stillpresent","BirthGroup"
"Lugano","NH","2020-12-21","2021-02-18","BirthGroup"
"Malawi","KB","2014-12-14","2019-05-17","BirthGroup"
"Margarita","CR","2017-10-25","2017-11-17","BirthGroup"
"Mass","KB","2018-11-12","2023-02-06","BirthGroup"
"Mathimula","AK","2014-10-21","2020-02-17","BirthGroup"
"Mbazwane","AK","2013-11-15","2016-01-16","BirthGroup"
"Meerkat","BD","2014-10-27","2016-11-24","BirthGroup"
"Merlin","LT","2011-08-03","2014-12-11","BirthGroup"
"Mfolozi","AK","2010-12-12","2012-05-02","BirthGroup"
"Mississipi","KB","2013-11-27","2018-06-16","BirthGroup"
"Mnandi","AK","2012-01-28","2015-01-14","BirthGroup"
"Montreal","CR","2021-10-25","Stillpresent","BirthGroup"
"Mousse","LT","2011-08-03","2014-06-03","BirthGroup"
"Mpukuvane","AK","2012-05-14","2013-05-16","BirthGroup"
"Muis","BD","2020-11-25","Stillpresent","BirthGroup"
"Mungunya","AK","2012-10-15","2016-01-09","BirthGroup"
"Mvula","AK","2010-11-02","2015-06-13","BirthGroup"
"Nahoon","KB","2016-11-14","2019-05-30","BirthGroup"
"Nakhu","AK","2017-10-31","2022-05-05","BirthGroup"
"Nantucket","CR","2017-11-02","2018-07-18","BirthGroup"
"Ndanda","AK","2018-11-03","Stillpresent","BirthGroup"
"Ndiza","AK","2014-11-01","2020-03-05","BirthGroup"
"Ndlovu","AK","2021-11-02","Stillpresent","BirthGroup"
"Neuchatel","NH","2011-12-16","2014-05-08","BirthGroup"
"Ngenakubo","AK","2016-11-18","2021-11-12","BirthGroup"
"Ngubu","AK","2011-11-26","2013-07-06","BirthGroup"
"Nkomo","AK","2021-11-04","Stillpresent","BirthGroup"
"Noah","LT","2013-02-09","2018-02-20","BirthGroup"
"Noktober","BD","2011-10-26","2016-06-11","BirthGroup"
"Nonnitgie","BD","2018-11-22","Stillpresent","BirthGroup"
"Nukke","BD","2021-10-18","Stillpresent","BirthGroup"
"Nuuskierig","BD","2017-10-16","2023-03-06","BirthGroup"
"Nyoni","AK","2012-10-22","2017-05-16","BirthGroup"
"Obelisk","BD","2014-11-15","2019-06-13","BirthGroup"
"Ogies","BD","2011-11-02","2016-06-03","BirthGroup"
"Okucane","AK","2011-01-18","2013-02-15","BirthGroup"
"Oliver","LT","2014-02-04","2014-06-03","BirthGroup"
"Omelet","BD","2021-11-04","Stillpresent","BirthGroup"
"Onbeskof","BD","2012-10-19","2016-03-11","BirthGroup"
"Oupa","BD","2020-11-13","Stillpresent","BirthGroup"
"Pale","CR","2014-12-30","2016-12-01","BirthGroup"
"Pearl","KB","2013-04-24","2015-12-15","BirthGroup"
"Piesang","BD","2021-10-18","Stillpresent","BirthGroup"
"Pikito","KB","2012-05-09","2014-01-28","BirthGroup"
"Pixsel","BD","2018-12-20","Stillpresent","BirthGroup"
"Pizza","CR","2014-12-30","2017-04-11","BirthGroup"
"Plainjane","CR","2021-06-14","2023-02-28","BirthGroup"
"Poeding","BD","2011-11-11","2016-06-11","BirthGroup"
"Pointy","CR","2015-01-12","2017-04-26","BirthGroup"
"Pomelo","BD","2017-10-19","2022-12-14","BirthGroup"
"Propriano","NH","2014-11-19","2019-06-01","BirthGroup"
"Pruszkow","NH","2015-11-23","2020-11-30","BirthGroup"
"Puerto","NH","2011-12-27","2016-06-21","BirthGroup"
"Pyeongchang","NH","2017-10-23","2020-02-24","BirthGroup"
"Quito","NH","2010-12-15","2011-11-19","BirthGroup"
"Radja","RC","2010-12-13","2011-11-25","BirthGroup"
"Rakker","BD","2012-11-16","2018-05-08","BirthGroup"
"Rambouillet","NH","2018-11-09","Stillpresent","BirthGroup"
"Ratel","BD","2015-11-30","2021-04-29","BirthGroup"
"Reenval","BD","2020-11-24","Stillpresent","BirthGroup"
"Reindeer","CR","2016-11-01","2017-02-12","BirthGroup"
"Renee","LT","2016-11-01","2018-08-14","BirthGroup"
"Reno","NH","2019-11-12","Stillpresent","BirthGroup"
"Revdanda","NH","2017-11-16","2019-01-28","BirthGroup"
"Reykjavik","NH","2015-11-23","2020-11-30","BirthGroup"
"Rheban","NH","2012-10-27","2017-12-05","BirthGroup"
"Richard","LT","2015-11-12","2016-09-27","BirthGroup"
"Ridder","BD","2018-11-14","Stillpresent","BirthGroup"
"Rimini","NH","2021-01-11","Stillpresent","BirthGroup"
"Rio","NH","2011-12-16","2015-11-30","BirthGroup"
"Riversdale","NH","2020-11-16","2021-02-20","BirthGroup"
"Riyadh","NH","2014-11-04","2015-12-15","BirthGroup"
"Robin","LT","2016-10-20","2021-04-17","BirthGroup"
"Rochdale","NH","2018-11-01","Stillpresent","BirthGroup"
"Rocky","LT","2017-10-09","2018-02-21","BirthGroup"
"Rooikat","BD","2011-12-05","2017-04-27","BirthGroup"
"Rosemary","LT","2014-02-11","2018-02-21","BirthGroup"
"Roxanne","LT","2014-10-30","2018-02-21","BirthGroup"
"Ruby","LT","2012-11-08","2018-02-21","BirthGroup"
"Rupert","LT","2014-10-18","2018-02-21","BirthGroup"
"Shitface","LT","2014-01-28","2017-01-24","BirthGroup"
"Sigaret","BD","2018-11-09","Stillpresent","BirthGroup"
"Spook","BD","2011-10-18","2016-06-16","BirthGroup"
"Spotted","RC","2011-09-29","2011-11-25","BirthGroup"
"Styx","KB","2012-04-14","2014-05-12","BirthGroup"
"Suzy","LT","2011-06-01","2015-03-10","BirthGroup"
"Sylinder","BD","2020-11-24","Stillpresent","BirthGroup"
"Symetric","CR","2015-01-09","2018-03-21","BirthGroup"
"Talinn","NH","2011-12-04","2016-04-21","BirthGroup"
"Teddibeer","CR","2014-11-12","2018-07-20","BirthGroup"
"Tipies","BD","2011-04-26","2012-11-13","BirthGroup"
"Tirroan","NH","2012-10-11","2017-12-30","BirthGroup"
"Toronto","NH","2011-12-16","2014-06-11","BirthGroup"
"Toulouse","NH","2014-10-30","2016-04-14","BirthGroup"
"Troia","NH","2010-11-08","2016-04-13","BirthGroup"
"Tugela","KB","2012-07-03","2015-07-23","BirthGroup"
"Tunis","NH","2011-06-25","2011-11-26","BirthGroup"
"Tweed","KB","2012-04-20","2014-05-10","BirthGroup"
"Ububhibhi","AK","2011-11-21","2016-05-24","BirthGroup"
"Uji","NH","2013-10-31","2018-05-18","BirthGroup"
"Ulaanbaatar","NH","2015-11-16","2020-11-30","BirthGroup"
"Ulsan","NH","2018-11-01","Stillpresent","BirthGroup"
"Ulundi","NH","2011-12-01","2016-05-14","BirthGroup"
"Umtata","NH","2014-12-08","2020-01-04","BirthGroup"
"Unwabo","AK","2012-10-22","2017-05-03","BirthGroup"
"Uraniumcity","NH","2017-10-09","2019-02-12","BirthGroup"
"Vakie","BD","2011-11-17","2017-03-11","BirthGroup"
"Vance","LT","2014-09-20","2015-11-05","BirthGroup"
"Victoria","LT","2011-12-16","2015-04-09","BirthGroup"
"Vincent","LT","2011-10-01","2016-12-22","BirthGroup"
"Vroutjie","BD","2011-04-26","2014-01-05","BirthGroup"
"Vulkaan","BD","2012-11-14","2018-06-06","BirthGroup"
"Wietnie","BD","2011-05-09","2014-01-05","BirthGroup"
"Wolfie","BD","2010-12-01","2015-07-17","BirthGroup"
"Wurm","BD","2012-10-18","2018-05-31","BirthGroup"
"Xai","RC","2010-11-22","2011-11-01","BirthGroup"
"Xaltepec","NH","2017-11-18","2020-03-12","BirthGroup"
"Xarès","NH","2021-11-08","Stillpresent","BirthGroup"
"Xeres","NH","2011-11-29","2016-04-07","BirthGroup"
"Xiashan","NH","2016-11-14","2021-11-27","BirthGroup"
"Xihau","NH","2021-10-21","2023-02-08","BirthGroup"
"Xinji","NH","2017-10-20","2022-07-15","BirthGroup"
"Xopo","NH","2020-11-23","Stillpresent","BirthGroup"
"Xoxocotla","NH","2010-11-15","2014-02-24","BirthGroup"
"Yamp","KB","2021-11-16","Stillpresent","BirthGroup"
"Yangtze","KB","2014-01-27","2018-05-01","BirthGroup"
"Yazoo","KB","2018-11-14","Stillpresent","BirthGroup"
"Yonne","KB","2020-11-12","2021-01-15","BirthGroup"
"Yoogali","NH","2012-09-22","2016-04-19","BirthGroup"
"Yub","KB","2021-12-21","Stillpresent","BirthGroup"
"Yzeron","KB","2017-11-20","2018-09-18","BirthGroup"
"Zaire","KB","2013-02-08","2015-12-15","BirthGroup"
"Zambezi","KB","2012-05-09","2015-06-22","BirthGroup"
"Zankara","KB","2013-11-11","2015-12-15","BirthGroup"
"Zanzibar","NH","2013-11-25","2018-05-28","BirthGroup"
"Zara","NH","2010-11-08","2016-05-25","BirthGroup"
"Zeerust","NH","2011-12-16","2015-02-24","BirthGroup"
"Zeia","KB","2012-08-31","2015-12-15","BirthGroup"
"Zhengzhou","NH","2012-11-02","2013-08-02","BirthGroup"
"Zhukovsky","NH","2015-11-16","2016-03-08","BirthGroup"
"Zion","NH","2011-12-02","2016-02-24","BirthGroup"
"Zurich","NH","2011-12-16","2014-05-26","BirthGroup"
"Babyaare2015","KB","2015-11-12","2016-02-13","BirthGroup"
"Babydag2012","BD","2012-09-25","2012-11-29","BirthGroup"
"Babydiana2015","LT","2015-11-17","2016-01-19","BirthGroup"
"Babyeina2018","BD","2018-11-13","2018-11-26","BirthGroup"
"Babyemm2012","LT","2012-10-08","2013-05-22","BirthGroup"
"Babygaya2018","NH","2018-12-24","2019-01-21","BirthGroup"
"Babygaya2019","NH","2019-10-14","2019-10-26","BirthGroup"
"Babygugu2017","AK","2017-10-31","2018-01-11","BirthGroup"
"Babygugu2019","AK","2019-11-09","2020-03-04","BirthGroup"
"Babyhak2011","BD","2011-11-22","2011-12-05","BirthGroup"
"Babyheer2019","BD","2019-10-28","2020-01-28","BirthGroup"
"Babykaya2017","LT","2017-11-04","2018-02-21","BirthGroup"
"Babymara2019","KB","2019-10-21","2019-10-24","BirthGroup"
"Babynessie2019","KB","2019-10-24","2019-10-24","BirthGroup"
"Babyniese2014","BD","2014-11-11","2014-12-26","BirthGroup"
"Babypannekoekie2017","BD","2017-10-12","2017-12-21","BirthGroup"
"Babyredelik2019","BD","2019-10-19","2019-10-19","BirthGroup"
"Babyreva2019","NH","2019-10-23","2019-10-26","BirthGroup"
"Babyroxanne2017","LT","2017-10-16","2018-02-19","BirthGroup"
"Babytonga2015","CR","2015-11-27","2015-12-27","BirthGroup"
"Babytroi2015","NH","2015-10-22","2015-12-11","BirthGroup"
"Babyumnak2015","CR","2015-11-28","2016-01-13","BirthGroup"
"Babyupp2012","NH","2012-10-19","2012-11-03","BirthGroup"
"Babyvict2014","LT","2014-10-28","2015-01-16","BirthGroup"
"2ndmj","RC","2010-11-08","2010-11-08","MigrationGroup1"
"Apollo","IF","2022-11-17","2023-04-05","BirthGroup"
"Blacktits","RC","2010-12-13","2010-12-13","BirthGroup"
"Ekse","BD","2022-12-07","2023-04-05","BirthGroup"
"Littleballs","RC","2010-12-13","2010-12-13","MigrationGroup1"
"Littleblind","BD","2011-03-24","2021-03-12","BirthGroup"
"Littlenapoli","RC","2010-12-04","2010-12-13","MigrationGroup1"
"Minimj","RC","2010-12-13","2011-11-01","BirthGroup"
"Nagapie","BD","2022-11-29","2023-04-05","BirthGroup"
"Papsak","BD","2015-11-12","2015-12-29","BirthGroup"
"Sf1","RC","2011-09-29","2011-10-26","BirthGroup"
"Sf2","RC",NA,"2023-04-05","BirthGroup"
"Smalleyes","CR",NA,"2023-04-05","MigrationGroup1"
"Tasmania","CR",NA,"2023-04-05","BirthGroup"
"Aapie","BD","2013-11-11","2023-04-05","BirthGroup"
"Aaragon","KB","2016-11-16","2023-04-05","BirthGroup"
"Aare","KB","2013-02-08","2023-04-05","BirthGroup"
"Alabama","KB","2022-10-31","2023-04-05","BirthGroup"
"Alsiende","BD","2012-10-23","2015-12-21","BirthGroup"
"Amazon","KB","2012-03-13","2015-05-25","BirthGroup"
"Amstel","KB","2021-10-12","2023-04-05","BirthGroup"
"Amur","KB","2012-05-09","2018-12-08","BirthGroup"
"Amywinehouse","RC","2011-09-29","2011-11-25","BirthGroup"
"Angara","KB","2022-10-26","2023-04-05","BirthGroup"
"Asis","BD","2011-02-19","2023-04-05","BirthGroup"
"Athena","IF","2022-06-28","2023-04-05","BirthGroup"
"Atjar","BD","2022-11-18","2023-04-05","BirthGroup"
"Bahamas","CR","2021-11-27","2023-04-05","BirthGroup"
"Bali","CR","2018-04-09","2023-04-05","BirthGroup"
"Bangalore","NH","2020-11-26","2021-02-20","BirthGroup"
"Barbados","CR","2015-10-08","2017-04-10","BirthGroup"
"Barry","CR","2021-07-28","2023-04-05","BirthGroup"
"Beirut","NH","2018-12-03","2023-04-05","BirthGroup"
"Belabela","NH","2014-11-29","2023-04-05","BirthGroup"
"Blupblup","CR","2018-04-18","2018-07-20","BirthGroup"
"Bongani","AK","2012-01-28","2013-04-25","MigrationGroup1"
"Brucespringsteen","RC","2011-09-29","2011-09-29","MigrationGroup1"
"Cameron","CR","2017-10-05","2022-01-26","BirthGroup"
"Camilla","LT","2013-11-27","2015-11-06","BirthGroup"
"Chiloe","CR","2015-01-06","2023-04-05","BirthGroup"
"Cindylauper","RC","2011-10-26","2011-11-11","BirthGroup"
"Circe","IF","2022-06-28","2023-04-05","BirthGroup"
"Clarence","CR","2021-07-28","2023-04-05","BirthGroup"
"Collin","LT",NA,"2023-04-05","BirthGroup"
"Cuba","CR","2015-01-06","2015-12-15","BirthGroup"
"Daartagnan","LT","2017-11-02","2022-06-06","BirthGroup"
"Daenerys","LT","2015-08-20","2023-04-05","BirthGroup"
"Daila","LT","2021-11-20","2023-04-05","BirthGroup"
"Daisy","LT","2014-08-26","2023-04-05","BirthGroup"
"Danielle","LT","2021-11-22","2023-04-05","BirthGroup"
"Danube","KB","2012-05-25","2014-05-12","MigrationGroup1"
"Dazzle","LT","2020-11-20","2023-04-05","BirthGroup"
"Deja","LT","2020-12-07","2023-04-05","BirthGroup"
"Delilah","LT","2012-10-08","2023-04-05","BirthGroup"
"Delta","LT","2020-12-11","2023-04-05","BirthGroup"
"Derrick","LT","2021-12-11","2022-06-04","BirthGroup"
"Dewey","LT","2017-01-04","2023-04-05","BirthGroup"
"Dexter","LT","2017-11-30","2022-06-04","BirthGroup"
"Diana","LT","2011-02-19","2023-04-05","BirthGroup"
"Digby","LT","2014-01-08","2023-04-05","BirthGroup"
"Disco","LT","2021-11-21","2022-03-09","BirthGroup"
"Dodgyknee","CR","2021-04-16","2022-01-03","BirthGroup"
"Doreen","LT","2017-12-29","2023-04-05","BirthGroup"
"Drew","RC","2010-12-13","2011-11-01","BirthGroup"
"Dulcina","CR","2015-10-08","2015-10-08","BirthGroup"
"Easter","CR","2018-04-09","2022-03-12","BirthGroup"
"Eier","BD","2021-11-02","2022-02-16","BirthGroup"
"Eina","BD","2014-10-18","2023-04-05","BirthGroup"
"Elbar","CR","2021-07-28","2021-09-03","BirthGroup"
"Ellesmere","CR","2014-12-30","2016-07-19","BirthGroup"
"Elvispresley","RC","2010-12-24","2011-11-11","MigrationGroup1"
"Emma","LT","2011-12-16","2013-07-04","BirthGroup"
"Engel","BD","2011-04-07","2023-04-05","BirthGroup"
"Evanescence","RC","2011-11-01","2011-11-25","BirthGroup"
"Fergie","RC",NA,"2023-04-05","BirthGroup"
"Fiji","CR","2018-04-12","2018-07-20","BirthGroup"
"Foei","BD","2010-11-09","2011-04-19","BirthGroup"
"Freyja","IF","2022-06-28","2023-04-05","BirthGroup"
"Gabaroni","NH","2022-12-15","2023-04-05","BirthGroup"
"Gabillou","NH","2016-11-14","2018-06-08","BirthGroup"
"Gagasa","AK","2011-01-18","2016-03-03","BirthGroup"
"Galapagos","CR","2015-01-06","2023-04-05","BirthGroup"
"Galati","NH","2015-10-23","2016-04-18","BirthGroup"
"Galeria","NH","2021-11-05","2023-04-05","BirthGroup"
"Gaya","NH","2011-11-14","2023-04-05","BirthGroup"
"Geleza","AK","2012-09-29","2018-01-23","BirthGroup"
"Geneva","NH","2011-01-13","2019-07-23","BirthGroup"
"Gesels","BD","2011-04-12","2023-04-05","BirthGroup"
"Ghangaan","AK","2012-01-28","2015-11-06","BirthGroup"
"Ghida","AK","2014-10-31","2023-04-05","BirthGroup"
"Gijima","AK","2022-12-29","2023-04-05","BirthGroup"
"Ginqinka","AK","2014-10-18","2023-04-05","BirthGroup"
"Gloed","BD","2022-11-04","2023-04-05","BirthGroup"
"Gobela","AK","2021-11-12","2023-04-05","BirthGroup"
"Goduka","AK","2017-10-09","2023-04-05","BirthGroup"
"Goose","CR","2017-10-10","2018-07-20","BirthGroup"
"Granada","NH","2014-12-08","2023-04-05","BirthGroup"
"Greenbay","NH","2019-11-06","2023-04-05","BirthGroup"
"Grimsby","NH","2022-11-04","2023-04-05","BirthGroup"
"Griselles","NH","2018-12-13","2023-04-05","BirthGroup"
"Grive","NH","2021-11-03","2023-04-05","BirthGroup"
"Guadalajara","NH","2022-11-08","2023-04-05","BirthGroup"
"Guatemala","NH","2016-11-22","2023-04-05","BirthGroup"
"Gubane","AK","2018-11-25","2023-02-07","BirthGroup"
"Gubha","AK","2014-11-01","2023-04-05","BirthGroup"
"Gugu","AK","2010-11-02","2021-03-18","BirthGroup"
"Gunsandroses","RC","2010-12-18","2010-12-18","MigrationGroup1"
"Gunya","AK","2016-11-16","2019-10-31","BirthGroup"
"Haaigranaat","BD","2021-11-04","2023-04-05","BirthGroup"
"Hakie","BD","2010-11-23","2014-02-12","BirthGroup"
"Halfy","LT","2014-10-18","2015-07-09","BirthGroup"
"Hamba","AK","2010-12-18","2015-08-22","BirthGroup"
"Heerlik","BD","2010-11-16","2023-04-05","BirthGroup"
"Heleza","AK","2012-05-14","2014-11-01","BirthGroup"
"Helikopter","BD","2020-11-19","2022-09-14","BirthGroup"
"Hera",NA,"2022-06-28","2023-04-05",NA
"Herskep","BD","2022-12-07","2023-04-05","BirthGroup"
"Hibiscus","BD","2016-11-30","2020-02-28","BirthGroup"
"Hippie","BD","2012-10-22","2020-03-07","BirthGroup"
"Hleka","AK","2012-01-28","2015-11-16","BirthGroup"
"Holey","CR","2021-06-01","2023-04-05","BirthGroup"
"Hondjie","BD","2016-11-29","2023-04-05","BirthGroup"
"Huge","CR","2015-01-12","2016-01-14","BirthGroup"
"Iceland","CR","2014-12-30","2018-07-18","BirthGroup"
"India","LT","2012-11-15","2017-12-19","BirthGroup"
"Jamaica","CR",NA,"2023-04-05","BirthGroup"
"Java","CR","2016-03-28","2018-07-20","BirthGroup"
"Jersey","CR","2017-10-26","2018-07-20","BirthGroup"
"Jimmyhendricks","RC","2010-12-24","2011-11-25","MigrationGroup1"
"Karenzoid","RC","2010-12-24","2010-12-24","BirthGroup"
"Kodiak","CR","2018-04-12","2023-04-05","BirthGroup"
"Kurtcubain","RC",NA,"2010-12-11","MigrationGroup1"
"Laila","LT","2018-06-11","2023-04-05","BirthGroup"
"Lampshade","LT","2019-11-07","2020-04-10","BirthGroup"
"Lancey","LT","2014-10-29","2023-04-05","BirthGroup"
"Laurel","LT","2012-11-12","2020-03-03","BirthGroup"
"Lausanne","NH","2011-03-05","2014-01-21","BirthGroup"
"Lavander","LT","2017-10-11","2019-09-27","BirthGroup"
"Lewe","BD","2018-10-26","2023-04-05","BirthGroup"
"Lilly","LT","2015-10-16","2023-04-05","BirthGroup"
"Lima","NH","2014-11-04","2021-02-23","BirthGroup"
"Lionel","CR","2014-12-31","2018-04-07","BirthGroup"
"Lizz","LT","2011-01-28","2023-04-05","BirthGroup"
"Lohihi","CR","2015-01-10","2018-07-18","BirthGroup"
"Loki","LT","2020-12-07","2023-04-05","BirthGroup"
"Lola","LT","2021-12-03","2023-04-05","BirthGroup"
"Lotus","LT","2022-12-22","2023-04-05","BirthGroup"
"Louise","LT","2016-11-09","2023-04-05","BirthGroup"
"Luna","LT","2022-12-06","2023-04-05","BirthGroup"
"Mackanzie","CR","2014-12-31","2023-04-05","BirthGroup"
"Madonna","RC",NA,"2023-04-05","BirthGroup"
"Mamoobi","AK","2011-01-18","2019-04-30","BirthGroup"
"Manhattan","CR","2016-02-11","2017-01-21","BirthGroup"
"Mara","KB","2013-05-06","2022-11-05","BirthGroup"
"Martinique","CR","2015-10-07","2015-10-07","BirthGroup"
"Mbila","AK","2018-11-05","2019-12-16","BirthGroup"
"Medjerda","KB","2012-05-09","2013-06-19","MigrationGroup1"
"Medusa","IF","2022-06-28","2023-04-05","BirthGroup"
"Mercury","LT","2014-12-18","2015-07-09","BirthGroup"
"Mevrou","BD","2012-10-29","2016-06-07","BirthGroup"
"Mhaori","KB","2016-11-17","2019-12-30","BirthGroup"
"Michaeljackson","RC","2010-12-08","2010-12-11","MigrationGroup1"
"Middag","BD","2015-11-09","2016-01-20","BirthGroup"
"Mielies","BD","2010-11-16","2023-04-05","BirthGroup"
"Mimiek","BD","2018-10-26","2020-08-19","BirthGroup"
"Miskien","BD","2021-11-19","2023-04-05","BirthGroup"
"Modjadji","AK","2011-10-31","2012-11-26","BirthGroup"
"Moesa","KB","2020-11-24","2023-04-05","BirthGroup"
"Mokcha","KB","2017-10-13","2021-09-04","BirthGroup"
"Mooi","BD","2010-11-09","2015-05-26","BirthGroup"
"Moonie","KB","2014-02-28","2015-02-13","BirthGroup"
"Moya","AK","2017-10-26","2019-11-16","BirthGroup"
"Naaldekoker","BD","2018-10-26","2023-04-05","BirthGroup"
"Naartjie","BD","2020-12-21","2021-12-12","BirthGroup"
"Nala","LT","2012-04-18","2015-07-04","BirthGroup"
"Namnam","BD","2011-04-07","2013-08-22","BirthGroup"
"Ncane","AK","2022-12-01","2023-04-05","BirthGroup"
"Ncoko","AK","2018-11-02","2023-04-05","BirthGroup"
"Ndawonya","AK","2016-02-08","2023-04-05","BirthGroup"
"Ndiki","AK","2017-10-16","2021-04-20","BirthGroup"
"Ndini","AK","2022-12-03","2023-04-05","BirthGroup"
"Ndondo","AK","2021-01-04","2021-11-27","BirthGroup"
"Ndonsa","AK","2012-11-02","2023-04-05","BirthGroup"
"Ndumiso","AK","2020-11-16","2023-04-05","BirthGroup"
"Nessie","KB","2012-08-01","2020-09-23","BirthGroup"
"Niese","BD","2010-10-31","2014-12-14","BirthGroup"
"Nihau","CR","2017-11-06","2023-04-05","BirthGroup"
"Nihiru","CR","2021-11-09","2023-04-05","BirthGroup"
"Nirtjies","BD","2015-11-06","2016-01-25","BirthGroup"
"Nkosikasi","AK","2010-11-11","2023-04-05","BirthGroup"
"Nkunzi","AK","2020-11-19","2022-01-13","BirthGroup"
"Nooiens","BD","2014-11-28","2023-04-05","BirthGroup"
"Nooit","BD","2021-11-09","2022-02-16","BirthGroup"
"Nora","CR","2021-07-28","2023-04-05","BirthGroup"
"Nuclides","BD","2019-11-04","2021-06-30","BirthGroup"
"Nugget","KB","2021-10-26","2021-05-27","BirthGroup"
"Nul","BD","2021-10-06","2022-03-22","BirthGroup"
"Numbies","BD","2010-11-09","2023-04-05","BirthGroup"
"Nurks","BD","2012-10-01","2023-04-05","BirthGroup"
"Nyala","AK","2021-11-05","2021-12-06","BirthGroup"
"Nyanga","AK","2014-10-31","2021-12-04","BirthGroup"
"Oahu","CR","2015-01-12","2018-07-18","BirthGroup"
"Oase","BD","2022-11-19","2023-04-05","BirthGroup"
"Obsessie","BD","2017-10-24","2023-04-05","BirthGroup"
"Oerwoud","BD","2018-11-09","2023-04-05","BirthGroup"
"Olyf","BD","2022-11-15","2023-04-05","BirthGroup"
"Oortjies","BD","2015-11-20","2023-04-05","BirthGroup"
"Otter","BD","2022-12-26","2023-04-05","BirthGroup"
"Oulik","BD","2010-11-09","2023-04-05","BirthGroup"
"Ouma","BD","2020-11-18","2021-12-08","BirthGroup"
"Padkos","BD","2021-10-27","2022-05-06","BirthGroup"
"Palmela","NH","2020-12-17","2023-04-05","BirthGroup"
"Pandora","IF","2022-06-28","2023-04-05","BirthGroup"
"Pannekoekie","BD","2010-12-01","2023-04-05","BirthGroup"
"Papp","BD","2020-11-04","2023-04-05","BirthGroup"
"Paris","NH","2010-11-08","2015-08-18","BirthGroup"
"Patlansky","RC","2010-12-28","2011-11-25","MigrationGroup1"
"Persephone","IF","2022-11-25","2023-04-05","BirthGroup"
"Pieperig","BD","2013-01-18","2023-04-05","BirthGroup"
"Pikkewyn","BD","2022-12-10","2023-04-05","BirthGroup"
"Pink","RC","2010-12-13","2011-11-25","BirthGroup"
"Pitcairn","CR",NA,"2015-03-01","MigrationGroup1"
"Plesier","BD","2014-10-20","2016-02-27","BirthGroup"
"Pofferthie","BD","2018-10-26","2019-12-04","BirthGroup"
"Poppie","BD","2020-11-12","2023-01-31","BirthGroup"
"Potjie","BD","2013-11-23","2022-04-21","BirthGroup"
"Praia","NH","2013-11-19","2023-04-05","BirthGroup"
"Pratella","NH","2018-11-17","2023-04-05","BirthGroup"
"Pretoria","NH","2011-12-16","2023-04-05","BirthGroup"
"Primavera","NH","2021-10-28","2023-04-05","BirthGroup"
"Prinses","BD","2010-11-09","2017-05-18","BirthGroup"
"Pruin","BD","2022-11-22","2023-04-05","BirthGroup"
"Puolka","BD","2015-12-28","2023-04-05","BirthGroup"
"Purper","BD","2021-11-05","2022-02-16","BirthGroup"
"Puymerl","NH","2018-11-07","2019-07-29","BirthGroup"
"Queen","RC","2011-01-19","2011-01-19","BirthGroup"
"Rabat","NH","2016-11-23","2023-04-05","BirthGroup"
"Rafaela","NH","2021-11-02","2023-04-05","BirthGroup"
"Redelik","BD","2014-11-10","2023-04-05","BirthGroup"
"Redhot","RC",NA,"2023-04-05","MigrationGroup1"
"Reenboog","BD","2018-12-12","2023-04-05","BirthGroup"
"Regina","NH","2018-11-15","2023-04-05","BirthGroup"
"Rennes","NH","2013-11-15","2021-02-23","BirthGroup"
"Renoster","BD","2021-11-15","2022-11-25","BirthGroup"
"Reva","NH","2011-11-21","2021-02-23","BirthGroup"
"Rimpel","BD","2021-11-18","2023-04-05","BirthGroup"
"Rioja","NH","2017-11-03","2023-04-05","BirthGroup"
"Rishikesh","NH","2022-12-14","2023-04-05","BirthGroup"
"Rissiepit","BD","2011-04-26","2023-04-05","BirthGroup"
"Rivas","NH","2021-11-08","2023-04-05","BirthGroup"
"Rivier","BD","2020-11-24","2023-04-05","BirthGroup"
"Robben","CR","2015-09-29","2016-01-22","BirthGroup"
"Roeslare","NH","2020-11-19","2021-02-09","BirthGroup"
"Roma","NH","2010-11-08","2021-02-17","BirthGroup"
"Rooibos","BD","2022-12-17","2023-04-05","BirthGroup"
"Roslin","NH","2015-11-23","2021-02-23","BirthGroup"
"Rosyn","BD","2022-12-07","2023-04-05","BirthGroup"
"Rustig","BD","2017-10-21","2018-05-28","BirthGroup"
"Safari","BD","2014-11-03","2017-04-28","BirthGroup"
"Samoa","CR","2014-12-31","2018-07-18","BirthGroup"
"Sampion","BD","2021-11-22","2022-03-19","BirthGroup"
"Sari","BD","2017-09-30","2023-04-05","BirthGroup"
"Schnauzli","CR","2016-02-11","2018-04-07","BirthGroup"
"Selenge","KB","2012-08-10","2013-04-03","MigrationGroup1"
"Siele","BD","2012-10-01","2022-04-13","BirthGroup"
"Sirkus","BD","2017-10-21","2023-04-05","BirthGroup"
"Sitrus","BD","2021-11-18","2023-04-05","BirthGroup"
"Skemer","BD","2018-11-01","2023-04-05","BirthGroup"
"Skhumbuzo",NA,"2021-06-15","2021-06-19",NA
"Skin","RC","2010-12-13","2010-12-13","BirthGroup"
"Slang","BD","2021-11-09","2022-04-27","BirthGroup"
"Sma","AK","2010-12-18","2012-01-25","BirthGroup"
"Smashy","CR","2015-06-16","2018-04-07","BirthGroup"
"Snortjie","BD","2011-04-19","2019-11-07","BirthGroup"
"Spampounkoeki","BD","2018-11-01","2019-12-03","BirthGroup"
"Spanspek","BD","2020-11-24","2021-05-18","BirthGroup"
"Spek","BD","2021-11-13","2022-11-31","BirthGroup"
"Sumbawa","CR","2015-01-19","2015-02-24","BirthGroup"
"Tanganika","KB","2012-03-13","2015-10-22","BirthGroup"
"Tannie","BD","2010-11-26","2010-12-24","BirthGroup"
"Tere","LT","2014-05-30","2015-03-10","BirthGroup"
"Tiki","CR","2021-11-30","2022-07-26","BirthGroup"
"Timber","CR","2017-10-16","2023-04-05","BirthGroup"
"Tonga","CR","2015-01-06","2017-02-14","BirthGroup"
"Tortuga","CR","2015-07-22","2020-07-18","BirthGroup"
"Udine","NH","2022-11-30","2023-04-05","BirthGroup"
"Udupi","NH","2021-01-19","2023-04-05","BirthGroup"
"Ulaka","AK","2010-12-18","2013-09-14","BirthGroup"
"Umnak","CR","2015-02-11","2017-02-17","BirthGroup"
"Uppsala","NH","2010-11-08","2023-04-05","BirthGroup"
"Uvac","KB","2012-08-01","2015-02-13","MigrationGroup1"
"Valerie","LT","2012-09-24","2015-05-21","BirthGroup"
"Vascorossi","RC","2011-09-29","2011-11-25","MigrationGroup1"
"Venezia","NH","2011-02-19","2010-10-31","BirthGroup"
"Vesuvio",NA,NA,"2022-12-08",NA
"Watnou","BD","2011-12-09","2013-01-24","BirthGroup"
"Whidbey","CR","2016-10-01","2023-04-05","BirthGroup"
"Wierdo","RC",NA,"2023-04-05","BirthGroup"
"Xaixai","NH","2010-12-03","2015-10-27","BirthGroup"
"Xalapa","NH","2013-11-20","2023-04-05","BirthGroup"
"Xativa","NH","2022-12-07","2023-04-05","BirthGroup"
"Xenia","NH","2020-11-03","2023-04-05","BirthGroup"
"Xian","NH","2012-11-05","2023-04-05","BirthGroup"
"Xinpu","NH","2018-10-28","2023-04-05","BirthGroup"
"Xinyi","NH","2014-11-14","2015-03-28","BirthGroup"
"Yakima","KB","2022-11-17","2023-04-05","BirthGroup"
"Yalu","KB","2013-02-09","2021-01-15","BirthGroup"
"Yamuna","KB","2016-11-23","2023-04-05","BirthGroup"
"Yaounde","NH","2011-01-18","2015-02-20","BirthGroup"
"Yara","KB","2017-11-11","2023-04-05","BirthGroup"
"Yellowstone","KB","2018-12-04","2023-04-05","BirthGroup"
"Yenissei","KB","2013-01-28","2019-10-26","BirthGroup"
"Yentna","KB","2022-11-14","2023-04-05","BirthGroup"
"Yodo","KB","2021-10-03","2023-04-05","BirthGroup"
"Yster","BD","2010-11-17","2011-02-12","MigrationGroup1"
"Yuba","KB","2022-11-19","2023-04-05","BirthGroup"
"Yukon","KB","2016-11-09","2023-04-05","BirthGroup"
"Zeus","IF","2022-06-28","Stillpresent","MigrationGroup1"
"Zinkwazi","KB","2014-10-01","2015-12-15","BirthGroup"
"Zuni","CR","2021-06-01","2021-04-16","BirthGroup"
"Babybog2012","NH","2012-10-18","2012-12-10","BirthGroup"
"Babygaga2013","AK","2013-10-24","2013-12-06","BirthGroup"
"Babyguat2021","NH","2021-11-02","2021-11-03","BirthGroup"
"Babyham2013","AK","2013-10-03","2013-11-10","BirthGroup"
"Babylima2018","NH","2018-11-29","2019-03-18","BirthGroup"
"Babylima2019","NH","2019-10-22","2019-10-26","BirthGroup"
"Babyness2015","KB","2015-11-09","2016-01-29","BirthGroup"
"Babynurks2018","BD","2018-11-14","2019-02-04","BirthGroup"
"Babyoerw2021","BD","2021-12-06","2021-12-12","BirthGroup"
"Babyouli2021","BD","2021-10-09","2021-10-09","BirthGroup"
"Babypotjie2019","BD","2019-10-25","2019-10-29","BirthGroup"
"Babypretoria2019","NH","2019-11-06","2019-11-06","BirthGroup"
"Babyrosl2020","NH","2020-11-03","2020-12-13","BirthGroup"
"Babywietnie2013","BD","2013-11-12","2013-11-12","BirthGroup"
"Babyzuni2021","CR","2021-11-11","2022-04-16","BirthGroup"
"Bboort22","NH","2022-11-15","2022-11-17","BirthGroup"
"Bbxian22","NH","2022-10-21","2022-10-21","BirthGroup"
"Alcatraz","Jacaranda","2018-07-20","2018-07-20","GroupSplit"
"Bari","Iceland","2016-04-13","2016-04-13","GroupSplit"
"Beminde","Intaka","2014-01-05","2016-06-15","GroupSplit"
"Bogota","Iceland","2016-04-13","2016-07-12","GroupSplit"
"Brasilia","Iceland","2016-04-13","2016-07-12","GroupSplit"
"Brisbane","Iceland","2016-04-13","2016-04-13","GroupSplit"
"Bushy","FirstLTsplinter","2015-03-02","2015-07-01","GroupSplit"
"Dagga","InBetweeners","2012-11-29","2013-12-23","GroupSplit"
"Feekie","InBetweeners","2012-11-13","2013-02-01","GroupSplit"
"Idwala","IFamily","2016-02-29","2016-06-29","GroupSplit"
"Ijinja","IFamily","2016-03-03","2016-06-29","GroupSplit"
"Ilonga","IFamily","2016-01-22","2016-06-29","GroupSplit"
"Imposter","LTsplit","2017-05-22","2023-04-05","GroupSplit"
"Inhlanhla","IFamily","2016-02-29","2023-04-05","GroupSplit"
"Inkwazi","IFamily","2016-01-22","2016-06-29","GroupSplit"
"Intaba","IFamily","2016-02-29","2016-06-09","GroupSplit"
"Jakarta","Iceland","2016-04-14","2016-04-14","GroupSplit"
"Jelly","LTsplit","2018-02-21","2018-03-03","GroupSplit"
"Jenny","LTSplit","2018-02-20","2018-03-03","GroupSplit"
"Jiamusi","Iceland","2016-04-13","2016-07-12","GroupSplit"
"Jillin","Iceland","2016-04-19","2016-07-12","GroupSplit"
"Jinka","Iceland","2016-04-13","2016-07-12","GroupSplit"
"Johannesburg","Iceland","2016-04-13","2016-06-25","GroupSplit"
"Kaiki","InBetweeners","2012-11-15","2014-08-30","GroupSplit"
"Koninging","InBetweeners","2013-01-07","2014-08-30","GroupSplit"
"Lhassa","Iceland","2016-04-04","2016-06-25","GroupSplit"
"Mbazwane","IFamily","2016-01-16","2016-01-16","GroupSplit"
"Noah","LTsplit","2018-02-20","2018-02-20","GroupSplit"
"Pearl","KBSplit","2015-12-15","2015-12-15","GroupSplit"
"Renee","LTsplit","2018-08-14","2019-08-21","GroupSplit"
"Rosemary","LTsplit","2018-02-21","2018-03-03","GroupSplit"
"Roxanne","LTsplit","2018-02-21","2018-03-03","GroupSplit"
"Rupert","LTsplit","2018-02-21","2018-03-03","GroupSplit"
"Suzy","FirstLTsplinter","2015-03-10","2015-09-01","GroupSplit"
"Talinn","Iceland","2016-04-21","2016-04-21","GroupSplit"
"Tipies","InBetweeners","2012-11-13","2013-01-31","GroupSplit"
"Troia","Iceland","2016-04-13","2016-07-12","GroupSplit"
"Victoria","FirstLTsplinter","2015-04-09","2015-11-01","GroupSplit"
"Vroutjie","Intaka","2014-01-05","2016-06-15","GroupSplit"
"Wietnie","Intaka","2014-01-05","2016-06-15","GroupSplit"
"Yoogali","Iceland","2016-04-19","2016-06-25","GroupSplit"
"Zaire","KBSplit","2015-12-15","2015-12-15","GroupSplit"
"Zankara","KBSplit","2015-12-15","2015-12-15","GroupSplit"
"Zara","Zfamily","2016-05-25","2016-05-25","GroupSplit"
"Zeia","KBSplit","2015-12-15","2015-12-15","GroupSplit"
"Babydag2012","InBetweeners","2012-11-29","2012-11-29","GroupSplit"
